{
  "Growth-Disinflation": 0.024728105327323006,
  "Growth-Inflation": 0.5464224384223071,
  "Stagnation-Disinflation": 0.008471665727581384,
  "Stagflation": 0.4203777905227872
}