{
  "Growth-Disinflation": {
    "Growth-Disinflation": 0.16666666666666666,
    "Growth-Inflation": 0.6666666666666666,
    "Stagnation-Disinflation": 0.0,
    "Stagflation": 0.16666666666666666
  },
  "Growth-Inflation": {
    "Growth-Disinflation": 0.0,
    "Growth-Inflation": 0.7209302325581395,
    "Stagnation-Disinflation": 0.007751937984496124,
    "Stagflation": 0.2713178294573643
  },
  "Stagnation-Disinflation": {
    "Growth-Disinflation": 0.0,
    "Growth-Inflation": 0.0,
    "Stagnation-Disinflation": 0.5,
    "Stagflation": 0.5
  },
  "Stagflation": {
    "Growth-Disinflation": 0.049019607843137254,
    "Growth-Inflation": 0.3235294117647059,
    "Stagnation-Disinflation": 0.0,
    "Stagflation": 0.6274509803921569
  }
}